,
,
,
,
,
,
,
,
,
,
,
,
,
,
,
,
,
,
,
,
,
,
,
,
,
,
,
,
,
,
,
,
,
,
,
,
,
,
,
,
,
,
,
,
,
,
,
,
,
,
,
,
,
,
,
,
,
,
,
,
,
,
,
,
,
,
,
,
,
,
,
,
,
,
,
,
,
,
,
,
,
,
,
,
,
,
,
,
,
,
,
,
,
,
,
,
,
,
,
,
,
,
,
,
,
,
13f38690-f9ce-11ec-86f6-48e7daad2ad6.jpg,
38cd170c-f9ce-11ec-a61d-48e7daad2ad6.jpg,UP1ABN4001
3b9ee926-f9ce-11ec-8782-48e7daad2ad6.jpg,
4426a55a-f9ce-11ec-bdcf-48e7daad2ad6.jpg,6J0FR056)
476c2158-f9ce-11ec-8473-48e7daad2ad6.jpg,
61a3266e-f9ce-11ec-a833-48e7daad2ad6.jpg,02DB4EPH
64aaa1f4-f9ce-11ec-88da-48e7daad2ad6.jpg,
71c586c6-f9ce-11ec-972d-48e7daad2ad6.jpg,HB02XXXX87
74a61cc0-f9ce-11ec-893b-48e7daad2ad6.jpg,
b150e154-f9ce-11ec-9430-48e7daad2ad6.jpg,P1566
ba106a90-f9ce-11ec-bfa6-48e7daad2ad6.jpg,
18240cf6-f9cf-11ec-9482-48e7daad2ad6.jpg,KL47P41566
2a90ccd2-f9cf-11ec-976f-48e7daad2ad6.jpg,
80bcc45e-fb4f-11ec-98a5-48e7daad2ad6.jpg,
89875e18-fb4f-11ec-afa7-48e7daad2ad6.jpg,DLBCAC419
95f4108a-fb4f-11ec-b7d3-48e7daad2ad6.jpg,
9dee6a5a-fb4f-11ec-a902-48e7daad2ad6.jpg,L02CP7235
a54fae86-fb4f-11ec-9438-48e7daad2ad6.jpg,0V3465
11850522-fb51-11ec-b9e7-48e7daad2ad6.jpg,21BH0001AA
1b82c1dc-fb51-11ec-b74b-48e7daad2ad6.jpg,21SH(44
1cc27924-fb51-11ec-ad0a-48e7daad2ad6.jpg,21BH0001AA
8c3fb958-fb51-11ec-83b9-48e7daad2ad6.jpg,
8da737ba-fb51-11ec-8b55-48e7daad2ad6.jpg,21BH(001AA
8f1bda70-fb51-11ec-96ea-48e7daad2ad6.jpg,21BH0001AA
91becac2-fb51-11ec-aedd-48e7daad2ad6.jpg,
94395d88-fb51-11ec-8bcd-48e7daad2ad6.jpg,21BH000|AA
95b709ac-fb51-11ec-8c9d-48e7daad2ad6.jpg,21BHWHA/6
9749a0fa-fb51-11ec-abc1-48e7daad2ad6.jpg,
98c38682-fb51-11ec-bccf-48e7daad2ad6.jpg,21BH0001AA
9a1d7ff4-fb51-11ec-9f41-48e7daad2ad6.jpg,21BH000|AA
9b84631c-fb51-11ec-a76e-48e7daad2ad6.jpg,21BH0001AA
c6a70a68-fb51-11ec-a93c-48e7daad2ad6.jpg,21BH2345AJ
c7f584ae-fb51-11ec-9319-48e7daad2ad6.jpg,21BH2345AA
59b77f4a-fb53-11ec-868d-48e7daad2ad6.jpg,
5b2e4600-fb53-11ec-91a1-48e7daad2ad6.jpg,KL07CP7235
6411fb38-fb53-11ec-aad7-48e7daad2ad6.jpg,
6df56786-fb53-11ec-a534-48e7daad2ad6.jpg,21BH2345AA
a2b786d2-fb53-11ec-aaf6-48e7daad2ad6.jpg,21BH0001AA
f17c8ede-fb53-11ec-a342-48e7daad2ad6.jpg,
f302da7a-fb53-11ec-968a-48e7daad2ad6.jpg,KY20CHT
f81690b4-fb53-11ec-9c83-48e7daad2ad6.jpg,KY20CWT}
fa96b568-fb53-11ec-a54c-48e7daad2ad6.jpg,KY20CHT
fce04480-fb53-11ec-ae67-48e7daad2ad6.jpg,KY70CRT
ffe82eb4-fb53-11ec-83e8-48e7daad2ad6.jpg,KY20CHT
01e8389e-fb54-11ec-bb72-48e7daad2ad6.jpg,KY70CWT}
0475319c-fb54-11ec-ac45-48e7daad2ad6.jpg,KY20CLD
0a8f190a-fb54-11ec-a53d-48e7daad2ad6.jpg,21BH2345AA
13205ee4-fb54-11ec-853f-48e7daad2ad6.jpg,21BH0001AA
22295d0a-fb54-11ec-9920-48e7daad2ad6.jpg,
4eaf8e0c-fb54-11ec-924d-48e7daad2ad6.jpg,21BH000|AA
515c0500-fb54-11ec-b4ad-48e7daad2ad6.jpg,21BH0001AA
63bca21e-fb54-11ec-bad3-48e7daad2ad6.jpg,CACL1G
6f027cae-fb54-11ec-8c70-48e7daad2ad6.jpg,
7051197a-fb54-11ec-b07e-48e7daad2ad6.jpg,01BH0L/
71ad6592-fb54-11ec-b11e-48e7daad2ad6.jpg,21BH0001AA
868a6302-fb57-11ec-b99a-48e7daad2ad6.jpg,21BH0001AA
8d59f18c-fb57-11ec-bcf3-48e7daad2ad6.jpg,1CL$ACA1N
98c90174-fb57-11ec-87d3-48e7daad2ad6.jpg,KA01GS0369]
9c57dd4c-fb57-11ec-b75f-48e7daad2ad6.jpg,KA016S0369
64ab7974-fb59-11ec-88b9-48e7daad2ad6.jpg,
661753f0-fb59-11ec-aa67-48e7daad2ad6.jpg,21BH0001AA
915fe814-fb59-11ec-aa24-48e7daad2ad6.jpg,KY/UCV
96e7b3ee-fb59-11ec-9bd0-48e7daad2ad6.jpg,DLBCAC4194
b1e59876-fb59-11ec-bedd-48e7daad2ad6.jpg,KL07CP7235}
b68bd19e-fb59-11ec-a2e4-48e7daad2ad6.jpg,KL07*36844435
ba791818-fb59-11ec-b96f-48e7daad2ad6.jpg,21BH0001AA
c0c491d2-fb59-11ec-bb5f-48e7daad2ad6.jpg,
c30e4bd0-fb59-11ec-8b5d-48e7daad2ad6.jpg,21BH2345AA
51c9ab36-fb5a-11ec-8ba6-48e7daad2ad6.jpg,
8f124894-fb5a-11ec-af56-48e7daad2ad6.jpg,21BHT0HHAA
b44ed2e6-fb5a-11ec-9c39-48e7daad2ad6.jpg,21BHAA2345
b8c3e174-fb5a-11ec-8801-48e7daad2ad6.jpg,21BH2345AA
bc4ffe4c-fb5a-11ec-9456-48e7daad2ad6.jpg,[
4a82db68-fb5d-11ec-bcae-48e7daad2ad6.jpg,
4c5a7376-fb5d-11ec-8564-48e7daad2ad6.jpg,21BH0001AA
4f17d000-fb5d-11ec-80ae-48e7daad2ad6.jpg,
557e82b0-fb5d-11ec-a7db-48e7daad2ad6.jpg,V0TT775
be5c93c0-00cd-11ed-8130-48e7daad2ad6.jpg,2134HTAA
c69b31a2-00cd-11ed-aad3-48e7daad2ad6.jpg,BH000|A^
12c29540-00ce-11ed-996c-48e7daad2ad6.jpg,21BH0001AA
197efa36-00ce-11ed-a3d3-48e7daad2ad6.jpg,160001E
1ddf809e-00ce-11ed-9188-48e7daad2ad6.jpg,21787CC01AA
2231a96e-00ce-11ed-b509-48e7daad2ad6.jpg,21BH0001AA
384362a8-00ce-11ed-8999-48e7daad2ad6.jpg,0420E433
4647814c-00ce-11ed-bf35-48e7daad2ad6.jpg,"""DL8CAF5030"
4bea344a-00ce-11ed-8f71-48e7daad2ad6.jpg,"""DLBCAF5030"
5047399a-00ce-11ed-aed3-48e7daad2ad6.jpg,"""DL8CAF5030"
5b020310-00ce-11ed-a5e6-48e7daad2ad6.jpg,NH120E14JJ
5f50fd12-00ce-11ed-8d2b-48e7daad2ad6.jpg,HH12DE143J
63ae7242-00ce-11ed-aadc-48e7daad2ad6.jpg,HH12DE1433
67fd5c76-00ce-11ed-a876-48e7daad2ad6.jpg,HK12DE143J
6c447180-00ce-11ed-a505-48e7daad2ad6.jpg,HH12DE143J
7202d0ae-00ce-11ed-be4a-48e7daad2ad6.jpg,HH12DE1433
756a199e-00ce-11ed-975b-48e7daad2ad6.jpg,HH12DE143J
78bfd428-00ce-11ed-8082-48e7daad2ad6.jpg,HH12DE1433
7c262fec-00ce-11ed-9b7d-48e7daad2ad6.jpg,HK12DE143J
8f31e95c-00ce-11ed-96e0-48e7daad2ad6.jpg,
a149e064-00ce-11ed-832b-48e7daad2ad6.jpg,LK14
a570b6c2-00ce-11ed-a0e5-48e7daad2ad6.jpg,3003]
a8eac45c-00ce-11ed-b29f-48e7daad2ad6.jpg,
aa846e7e-00ce-11ed-869a-48e7daad2ad6.jpg,1B0D
ae995310-00ce-11ed-bca0-48e7daad2ad6.jpg,
b016239e-00ce-11ed-ad61-48e7daad2ad6.jpg,886
b3305030-00ce-11ed-a8ef-48e7daad2ad6.jpg,4C4C76371
b7b6e8ae-00ce-11ed-ad6f-48e7daad2ad6.jpg,"0L,0CAC4"
bb16b8a2-00ce-11ed-8c0b-48e7daad2ad6.jpg,
bc982b78-00ce-11ed-ba04-48e7daad2ad6.jpg,DLGCAF
bf45be98-00ce-11ed-b364-48e7daad2ad6.jpg,HH0TAE8012
c1ddc852-00ce-11ed-b99b-48e7daad2ad6.jpg,HH0TAEE0U2
82a0f182-00d1-11ed-ad03-48e7daad2ad6.jpg,21BH0001AA
8dcda918-00d1-11ed-8777-48e7daad2ad6.jpg,21BH0001AA
93b9ea42-00d1-11ed-92ce-48e7daad2ad6.jpg,21BH000TAA
984cc00c-00d1-11ed-aaf8-48e7daad2ad6.jpg,21BH0001AA
c7572026-00d1-11ed-ab9a-48e7daad2ad6.jpg,
d250ba8a-00d1-11ed-abc3-48e7daad2ad6.jpg,TN38BRJ04
d6e6201e-00d1-11ed-a2de-48e7daad2ad6.jpg,78BR3036
db8a7c38-00d1-11ed-827e-48e7daad2ad6.jpg,38BR3036
e012c136-00d1-11ed-bdbb-48e7daad2ad6.jpg,78BR3036
e3d19808-00d1-11ed-82ce-48e7daad2ad6.jpg,38BR3036
f1d841ec-00d1-11ed-ad16-48e7daad2ad6.jpg,21BH0001AA
55bf378a-00d2-11ed-9d0b-48e7daad2ad6.jpg,21BH0001AA
5c3a5a6c-00d2-11ed-9ee3-48e7daad2ad6.jpg,
77122e78-00d6-11ed-8827-48e7daad2ad6.jpg,KL01C425S5
7bd66912-00d6-11ed-a0fd-48e7daad2ad6.jpg,KLG1CA2555
8002130c-00d6-11ed-83e1-48e7daad2ad6.jpg,KLG1C42555
852319a4-00d6-11ed-8743-48e7daad2ad6.jpg,
8679e3be-00d6-11ed-a6fe-48e7daad2ad6.jpg,KLG1CA2555
89ab4a58-00d6-11ed-81e4-48e7daad2ad6.jpg,KL01C42552
8dc98aca-00d6-11ed-81eb-48e7daad2ad6.jpg,
ba1a5d06-00d6-11ed-a23f-48e7daad2ad6.jpg,6526JHD
c487e3d4-00d6-11ed-873b-48e7daad2ad6.jpg,526JHD
c91188ca-00d6-11ed-9ba1-48e7daad2ad6.jpg,NH01478866
cc861892-00d6-11ed-a871-48e7daad2ad6.jpg,-R486
dba8966e-00d6-11ed-ab12-48e7daad2ad6.jpg,
dd35ca30-00d6-11ed-9d51-48e7daad2ad6.jpg,CAN1SA
e160633a-00d6-11ed-b9a8-48e7daad2ad6.jpg,
e2b51af8-00d6-11ed-9233-48e7daad2ad6.jpg,1NN1E
ee188a5a-00d6-11ed-8cef-48e7daad2ad6.jpg,7140X99378
f2892250-00d6-11ed-8ff3-48e7daad2ad6.jpg,
f63fef14-00d6-11ed-9aee-48e7daad2ad6.jpg,247K00
fa55b14c-00d6-11ed-9caa-48e7daad2ad6.jpg,
022ad3b4-00d7-11ed-9ae3-48e7daad2ad6.jpg,695299
05de9c9e-00d7-11ed-b747-48e7daad2ad6.jpg,19FTH
0a35b880-00d7-11ed-8580-48e7daad2ad6.jpg,
0d0bbb6e-00d7-11ed-82e1-48e7daad2ad6.jpg,E8017
14a607b4-00d7-11ed-87be-48e7daad2ad6.jpg,
17859fe6-00d7-11ed-bd3f-48e7daad2ad6.jpg,D6JLD
2e670302-00d7-11ed-8788-48e7daad2ad6.jpg,
35cde236-09dc-11ed-8ee3-48e7daad2ad6.jpg,FL9L3
409a8038-09dc-11ed-9ba9-48e7daad2ad6.jpg,CAFLYA13
4c8188b8-09dc-11ed-b7df-48e7daad2ad6.jpg,-LCAFL9L3|
5016d58c-09dc-11ed-91cf-48e7daad2ad6.jpg,
51d43876-09dc-11ed-a806-48e7daad2ad6.jpg,3C2194
56c1c0ac-09dc-11ed-89f5-48e7daad2ad6.jpg,
6121d71e-09dc-11ed-b4d0-48e7daad2ad6.jpg,21BH2345AA
63a95664-09dc-11ed-b9f2-48e7daad2ad6.jpg,228H65177A
68f8d838-09dc-11ed-81a3-48e7daad2ad6.jpg,21BH0001AA
cc6b7136-0a42-11ed-be34-48e7daad2ad6.jpg,21BH0001AA
ef423ea6-0a42-11ed-b61e-48e7daad2ad6.jpg,
fef9c10c-0a42-11ed-882c-48e7daad2ad6.jpg,22BH651
0d04afe2-0a43-11ed-80cb-48e7daad2ad6.jpg,L8CAC2192
32c1f368-0a43-11ed-a369-48e7daad2ad6.jpg,
1f3dad7e-0ce5-11ed-a639-48e7daad2ad6.jpg,767J13770
46797de8-0ce5-11ed-aca5-48e7daad2ad6.jpg,DLGCAF
4ae42554-0ce5-11ed-b684-48e7daad2ad6.jpg,DL8CP
9f9d5ca4-0ce5-11ed-b8c7-48e7daad2ad6.jpg,DLBCACL194
a3a8ec2e-0ce5-11ed-976d-48e7daad2ad6.jpg,DLBCAC4194
a6f10030-0ce5-11ed-ade1-48e7daad2ad6.jpg,DLBCACL194
ae256610-0ce5-11ed-9ce8-48e7daad2ad6.jpg,DLBCAC4194
bb612fa6-0ce5-11ed-944c-48e7daad2ad6.jpg,DLBCACL194
c2c17338-0ce5-11ed-a1f3-48e7daad2ad6.jpg,0L8CACL192
c83e1d4a-0ce5-11ed-9f4e-48e7daad2ad6.jpg,21BH2345AA
5ccd07f6-0cea-11ed-8fae-48e7daad2ad6.jpg,21BH%3
5e945448-0cea-11ed-b60f-48e7daad2ad6.jpg,
5fffc9fa-0cea-11ed-a248-48e7daad2ad6.jpg,21BH23
614badbe-0cea-11ed-93a0-48e7daad2ad6.jpg,21BH2
62a353dc-0cea-11ed-a9f3-48e7daad2ad6.jpg,
897e16cc-0cfb-11ed-bcd8-48e7daad2ad6.jpg,212425|
8bcc6b34-0cfb-11ed-88e5-48e7daad2ad6.jpg,
92629e2e-0cfb-11ed-b539-48e7daad2ad6.jpg,434
93b2da4a-0cfb-11ed-bd9d-48e7daad2ad6.jpg,BH2345AA
9e996062-0cfb-11ed-8be5-48e7daad2ad6.jpg,DLBCACL19L
9fee50a2-0cfb-11ed-abd6-48e7daad2ad6.jpg,DLBCAC4194
a1535c8a-0cfb-11ed-89c1-48e7daad2ad6.jpg,DLBCACL194
a2a1b048-0cfb-11ed-ac12-48e7daad2ad6.jpg,DLBCACL192
a3df8edc-0cfb-11ed-8efa-48e7daad2ad6.jpg,DLBCAC4194
a548c412-0cfb-11ed-92ad-48e7daad2ad6.jpg,DLBCACL192
a9725df6-0cfb-11ed-bb02-48e7daad2ad6.jpg,DLBCAC419L
aad861b6-0cfb-11ed-a0c2-48e7daad2ad6.jpg,DLBCACL192
ac1b5686-0cfb-11ed-a633-48e7daad2ad6.jpg,DLBCACL194
ad7598d8-0cfb-11ed-8588-48e7daad2ad6.jpg,DLBCAC4194
b074615e-0cfb-11ed-9634-48e7daad2ad6.jpg,DLBCACL192
b1db2864-0cfb-11ed-94b3-48e7daad2ad6.jpg,DLBCAC419L
b50fd912-0cfb-11ed-86e9-48e7daad2ad6.jpg,DLBCACL192
b669cf86-0cfb-11ed-b4a6-48e7daad2ad6.jpg,DLBCAC419L
b7b6c0d8-0cfb-11ed-af81-48e7daad2ad6.jpg,DLBCACL192
b8fa9b88-0cfb-11ed-8398-48e7daad2ad6.jpg,
d7522436-0cfb-11ed-8371-48e7daad2ad6.jpg,21BH2345AL
d8a7e29c-0cfb-11ed-9380-48e7daad2ad6.jpg,DLBCAC4194
da0f54d0-0cfb-11ed-b263-48e7daad2ad6.jpg,DLBCAC419L
db4bdca6-0cfb-11ed-bd86-48e7daad2ad6.jpg,DLBCAC41S4
e0f6d706-0cfb-11ed-8460-48e7daad2ad6.jpg,DLLCAFLS
e44b1052-0cfb-11ed-80a3-48e7daad2ad6.jpg,DLGCAFL
e9ba4f68-0cfb-11ed-8541-48e7daad2ad6.jpg,3
e1dca898-0cfc-11ed-903b-48e7daad2ad6.jpg,1BCACL792
e6cad682-0cfc-11ed-8332-48e7daad2ad6.jpg,0LBCAC419L
e473aec0-3565-11ed-aa9b-48e7daad2ad6.jpg,HR26D05551
ec868c00-3565-11ed-a73d-48e7daad2ad6.jpg,
f1985c64-3565-11ed-8e20-48e7daad2ad6.jpg,KA2T
f6d2c3b8-3565-11ed-beb3-48e7daad2ad6.jpg,KL07CP72351
fb56ff94-3565-11ed-bf72-48e7daad2ad6.jpg,
17a121a4-3566-11ed-a2c9-48e7daad2ad6.jpg,DL9CH8863
24ae7550-3566-11ed-bea8-48e7daad2ad6.jpg,
2647321a-3566-11ed-b934-48e7daad2ad6.jpg,21BH0001AA
2f914ffe-3566-11ed-a6d4-48e7daad2ad6.jpg,F028084821H
34424de8-3566-11ed-9d3b-48e7daad2ad6.jpg,21BHQQ01AA
38edf63e-3566-11ed-8557-48e7daad2ad6.jpg,02B084821H
3db9163a-3566-11ed-862b-48e7daad2ad6.jpg,CNE844Y
434f32e4-3566-11ed-aa7f-48e7daad2ad6.jpg,JAB9NLT
66a69200-3566-11ed-8e3f-48e7daad2ad6.jpg,21BH0001AA
6ac3fcf6-3566-11ed-9f13-48e7daad2ad6.jpg,
6e4d9cd4-3566-11ed-96bd-48e7daad2ad6.jpg,2ER2547
f1ac8376-3577-11ed-a9ae-48e7daad2ad6.jpg,
067827a8-3578-11ed-bbd0-48e7daad2ad6.jpg,KL20E5923]
0b98b88a-3578-11ed-9f30-48e7daad2ad6.jpg,
0d3d5900-3578-11ed-9822-48e7daad2ad6.jpg,KL07CB9779
315e6f76-3578-11ed-85e1-48e7daad2ad6.jpg,
3cee3f9c-3578-11ed-b5c4-48e7daad2ad6.jpg,KC449271
a58963f4-3578-11ed-9003-48e7daad2ad6.jpg,
b372ebe4-3578-11ed-83f2-48e7daad2ad6.jpg,KL63C5055
b9e86de6-3578-11ed-8b7e-48e7daad2ad6.jpg,"""KL44H3727"
be6e8886-3578-11ed-b2a6-48e7daad2ad6.jpg,KL1204L22]
c36eba82-3578-11ed-bf2f-48e7daad2ad6.jpg,
c54076ba-3578-11ed-9dfa-48e7daad2ad6.jpg,KL38J6748
ebc5b5e4-3578-11ed-8ea8-48e7daad2ad6.jpg,
ed7af92e-3578-11ed-8b63-48e7daad2ad6.jpg,KL38J6748
fae59c40-3578-11ed-84df-48e7daad2ad6.jpg,
fce7a59c-3578-11ed-a172-48e7daad2ad6.jpg,KL44H3727
061919b8-3579-11ed-af8a-48e7daad2ad6.jpg,
0b59bf86-3579-11ed-b9c9-48e7daad2ad6.jpg,0L170LL22
10b73480-3579-11ed-af2d-48e7daad2ad6.jpg,
1254a89e-3579-11ed-bc8d-48e7daad2ad6.jpg,#KLAAH3727
18698ee2-3579-11ed-8add-48e7daad2ad6.jpg,KL170LL22]
3d2cf780-3579-11ed-afb6-48e7daad2ad6.jpg,
3ef1f5ca-3579-11ed-baab-48e7daad2ad6.jpg,KLAAH372
45fc9e9e-3579-11ed-8eec-48e7daad2ad6.jpg,KL44H3727
66e94e58-3579-11ed-acf0-48e7daad2ad6.jpg,
b3ad0d1e-3579-11ed-b101-48e7daad2ad6.jpg,14463344
b9548514-3579-11ed-9a56-48e7daad2ad6.jpg,[L44G3344
c1cb728c-3579-11ed-8e23-48e7daad2ad6.jpg,KL.02V8334
d45fbe38-3579-11ed-a70f-48e7daad2ad6.jpg,
d60a5470-3579-11ed-9670-48e7daad2ad6.jpg,KL4463344
